{
    "eval_loss": 0.9200536608695984,
    "perplexity": 2.509425044253498
}